Date,Quadrat,Colony_SA,Disease_SA,Percentage,dis_presence,alg_type,HOBO_temp
2020-07-20,1,256.884,0,0,0,n,25.46497685
2020-07-20,2,1151.142,0,0,0,n,25.46497685
2020-07-20,3,389.523,0,0,0,sg,25.46497685
2020-07-20,4,166.868,0,0,0,sg,25.46497685
2020-07-20,5,1348.418,0,0,0,sg,25.46497685
2020-07-20,6,262.469,0,0,0,h,25.46497685
2020-07-20,7,589.126,0,0,0,sg,25.46497685
2020-07-20,8,143.273,0,0,0,sg,25.46497685
2020-07-20,9,1151.766,0,0,0,sg,25.46497685
2020-07-20,10,1246.097,0,0,0,sg,25.46497685
2020-07-20,11,1569.308,0,0,0,n,25.46497685
2020-07-20,12,1303.848,0,0,0,n,25.46497685
2020-07-20,13,1311.741,0,0,0,sg,25.46497685
2020-07-20,14,1053.153,0,0,0,sg,25.46497685
2020-07-20,15,1150.916,5.644,0.490392001,1,sg,25.46497685
2020-07-20,16,1221.589,0,0,0,sg,25.46497685
2020-07-20,17,1238.061,0,0,0,n,25.46497685
2020-07-20,18,963.555,0,0,0,n,25.46497685
2020-07-20,19,765.094,0,0,0,sg,25.46497685
2020-07-20,20,1900.651,0,0,0,n,25.46497685
2020-07-20,21,706.408,0,0,0,n,25.46497685
2020-07-20,22,2322.33,0,0,0,n,25.46497685
2020-07-20,23,1472.827,0,0,0,n,25.46497685
2020-07-20,24,1487.695,0,0,0,sg,25.46497685
2020-07-20,25,1650.405,0,0,0,n,25.46497685
2020-07-20,26,1906.883,0,0,0,n,25.46497685
2020-07-20,27,1233.464,147.113,11.92681748,1,n,25.46497685
2020-07-20,28,1042.637,0,0,0,sg,25.46497685
2020-07-20,29,797.477,0,0,0,sg,25.46497685
2020-07-20,30,1236.522,0,0,0,sg,25.46497685
2020-07-20,31,1428.64,0,0,0,n,25.46497685
2020-07-20,32,1297.795,0,0,0,sg,25.46497685
2020-07-20,33,1135.156,0,0,0,n,25.46497685
2020-07-20,34,724.881,0,0,0,n,25.46497685
2020-07-20,35,622.937,0,0,0,sg,25.46497685
2020-07-20,36,270.467,0,0,0,sg,25.46497685
2020-07-20,37,977.014,0,0,0,sg,25.46497685
2020-07-20,38,572.539,0,0,0,sg,25.46497685
2020-07-20,39,424.983,0,0,0,sg,25.46497685
2020-07-20,40,841.62,0,0,0,sg,25.46497685
2020-07-20,41,422.114,0,0,0,sg,25.46497685
2020-07-20,42,1194.462,0,0,0,sg,25.46497685
2020-07-20,43,1371.763,0,0,0,sg,25.46497685
2020-07-20,44,1067.527,0,0,0,n,25.46497685
2020-07-20,45,724.595,0,0,0,sg,25.46497685
2020-07-20,46,564.033,0,0,0,sg,25.46497685
2020-07-20,47,738.233,0,0,0,sg,25.46497685
2020-07-20,48,478.914,0,0,0,sg,25.46497685
2020-07-20,49,713.732,0,0,0,n,25.46497685
2020-07-20,50,229.09,0,0,0,sg,25.46497685
2020-08-20,1,1626.133,0,0,0,n,28.41466435
2020-08-20,2,1274.345,8.462,0.664027402,1,sg,28.41466435
2020-08-20,3,1414.588,0,0,0,n,28.41466435
2020-08-20,4,507.014,0,0,0,sg,28.41466435
2020-08-20,5,912.141,0,0,0,sg,28.41466435
2020-08-20,6,792.284,0,0,0,n,28.41466435
2020-08-20,7,514.619,0,0,0,n,28.41466435
2020-08-20,8,1287.215,0,0,0,sg,28.41466435
2020-08-20,9,1105.1,0,0,0,n,28.41466435
2020-08-20,10,568.301,0,0,0,sg,28.41466435
2020-08-20,11,973.648,0,0,0,sg,28.41466435
2020-08-20,12,1248.794,0,0,0,n,28.41466435
2020-08-20,13,1327.152,0,0,0,n,28.41466435
2020-08-20,14,602.139,0,0,0,n,28.41466435
2020-08-20,15,804.258,0,0,0,h,28.41466435
2020-08-20,16,717.865,0,0,0,n,28.41466435
2020-08-20,17,46.046,0,0,0,h,28.41466435
2020-08-20,18,906.86,0,0,0,n,28.41466435
2020-08-20,19,638.462,0,0,0,h,28.41466435
2020-08-20,20,562.343,0,0,0,h,28.41466435
2020-08-20,21,1500.172,0,0,0,n,28.41466435
2020-08-20,22,1439.525,0,0,0,n,28.41466435
2020-08-20,23,205.751,0,0,0,h,28.41466435
2020-08-20,24,768.717,0,0,0,sg,28.41466435
2020-08-20,25,1242.334,0,0,0,n,28.41466435
2020-08-20,26,727.399,0,0,0,sg,28.41466435
2020-08-20,27,693.828,0,0,0,n,28.41466435
2020-08-20,28,1442.899,0,0,0,n,28.41466435
2020-08-20,29,199.297,0,0,0,h,28.41466435
2020-08-20,30,508.925,0,0,0,sg,28.41466435
2020-08-20,31,655.813,0,0,0,sg,28.41466435
2020-08-20,32,623.71,0,0,0,h,28.41466435
2020-08-20,33,752.375,0,0,0,sg,28.41466435
2020-08-20,34,736.751,0,0,0,h,28.41466435
2020-08-20,35,1145.767,0,0,0,h,28.41466435
2020-08-20,36,1454.514,0,0,0,sg,28.41466435
2020-08-20,37,854.937,0,0,0,sg,28.41466435
2020-08-20,38,405.139,6.306,1.55650283,1,n,28.41466435
2020-08-20,39,148.799,0,0,0,sg,28.41466435
2020-08-20,40,1848.798,0,0,0,n,28.41466435
2020-08-20,41,1057.046,0,0,0,n,28.41466435
2020-08-20,42,462.46,0,0,0,sg,28.41466435
2020-08-20,43,824.318,0,0,0,sg,28.41466435
2020-08-20,44,160.124,0,0,0,n,28.41466435
2020-08-20,45,972.634,0,0,0,sg,28.41466435
2020-08-20,46,1466.56,0,0,0,sg,28.41466435
2020-08-20,47,1268.946,72.52,5.714979203,1,n,28.41466435
2020-08-20,48,1531.089,0,0,0,n,28.41466435
2020-08-20,49,1401.592,0,0,0,sg,28.41466435
2020-08-20,50,1965.543,349.756,17.79437031,1,n,28.41466435
2020-09-15,1,549.271,0,0,0,n,30.19046296
2020-09-15,2,463.247,105.647,22.80576021,1,sg,30.19046296
2020-09-15,3,774.362,0,0,0,sg,30.19046296
2020-09-15,4,589.434,0,0,0,h,30.19046296
2020-09-15,5,467.257,0,0,0,h,30.19046296
2020-09-15,6,1813.939,0,0,0,n,30.19046296
2020-09-15,7,923.24,0,0,0,sg,30.19046296
2020-09-15,8,1325.46,266.466,20.10366212,1,sg,30.19046296
2020-09-15,9,1365.668,0,0,0,n,30.19046296
2020-09-15,10,1268.764,0,0,0,n,30.19046296
2020-09-15,11,1253.081,0,0,0,n,30.19046296
2020-09-15,12,631.323,0,0,0,sg,30.19046296
2020-09-15,13,966.884,378.688,39.16581513,1,sg,30.19046296
2020-09-15,14,1249.337,857.724,68.65433426,1,sg,30.19046296
2020-09-15,15,753.176,0,0,0,n,30.19046296
2020-09-15,16,129.26,0,0,0,n,30.19046296
2020-09-15,17,1701.818,0,0,0,n,30.19046296
2020-09-15,18,1354.201,4.201,0.310219827,1,sg,30.19046296
2020-09-15,19,1262.905,0,0,0,sg,30.19046296
2020-09-15,20,1270.384,306.932,24.16056877,1,sg,30.19046296
2020-09-15,21,784.73,3.473,0.442572605,1,sg,30.19046296
2020-09-15,22,659.234,13.122,1.990491995,1,sg,30.19046296
2020-09-15,23,1009.608,0,0,0,sg,30.19046296
2020-09-15,24,278.664,0,0,0,n,30.19046296
2020-09-15,25,924.578,16.818,1.818992016,1,n,30.19046296
2020-09-15,26,526.305,0,0,0,sg,30.19046296
2020-09-15,27,1543.957,0,0,0,n,30.19046296
2020-09-15,28,654.998,0,0,0,sg,30.19046296
2020-09-15,29,982.75,0,0,0,n,30.19046296
2020-09-15,30,833.532,0,0,0,sg,30.19046296
2020-09-15,31,435.06,0,0,0,sg,30.19046296
2020-09-15,32,954.522,0,0,0,n,30.19046296
2020-09-15,33,1135.846,8.219,0.723601615,1,n,30.19046296
2020-09-15,34,830.173,0,0,0,n,30.19046296
2020-09-15,35,620.921,0,0,0,n,30.19046296
2020-09-15,36,1882.626,905.211,48.08235943,1,n,30.19046296
2020-09-15,37,1111.674,205.959,18.52692426,1,n,30.19046296
2020-09-15,38,1356.679,32.301,2.380887446,1,n,30.19046296
2020-09-15,39,1696.916,10.212,0.601797614,1,sg,30.19046296
2020-09-15,40,1460.87,55.761,3.816972078,1,n,30.19046296
2020-09-15,41,895.66,0,0,0,n,30.19046296
2020-09-15,42,350.805,49.234,14.03457761,1,n,30.19046296
2020-09-15,43,716.932,0,0,0,sg,30.19046296
2020-09-15,44,1202.412,0,0,0,n,30.19046296
2020-09-15,45,1461.847,0,0,0,n,30.19046296
2020-09-15,46,1425.37,250.958,17.6065162,1,sg,30.19046296
2020-09-15,47,1165.269,0,0,0,n,30.19046296
2020-09-15,48,1228.266,0,0,0,n,30.19046296
2020-09-15,49,1287.448,0,0,0,sg,30.19046296
2020-09-15,50,1571.923,11.166,0.710340138,1,sg,30.19046296
2020-10-16,1,1199.822,0,0,0,n,26.68959491
2020-10-16,2,96.77,0,0,0,n,26.68959491
2020-10-16,3,332.585,0,0,0,h,26.68959491
2020-10-16,4,708.332,0,0,0,sg,26.68959491
2020-10-16,5,91.164,0,0,0,n,26.68959491
2020-10-16,6,124.021,0,0,0,n,26.68959491
2020-10-16,7,832.76,0,0,0,sg,26.68959491
2020-10-16,8,524.661,0,0,0,n,26.68959491
2020-10-16,9,207.119,0,0,0,sg,26.68959491
2020-10-16,10,92.889,0,0,0,sg,26.68959491
2020-10-16,11,405.847,0,0,0,n,26.68959491
2020-10-16,12,588.446,0,0,0,sg,26.68959491
2020-10-16,13,797.149,0,0,0,sg,26.68959491
2020-10-16,14,1686.292,0,0,0,n,26.68959491
2020-10-16,15,1406.653,364.5,25.91257403,1,sg,26.68959491
2020-10-16,16,1192.53,6.425,0.538770513,1,sg,26.68959491
2020-10-16,17,1419.674,172.561,12.15497361,1,sg,26.68959491
2020-10-16,18,195.196,0,0,0,sg,26.68959491
2020-10-16,19,876.124,0,0,0,sg,26.68959491
2020-10-16,20,77.18,0,0,0,n,26.68959491
2020-10-16,21,320.134,0,0,0,n,26.68959491
2020-10-16,22,469.325,0,0,0,n,26.68959491
2020-10-16,23,782.778,0,0,0,sg,26.68959491
2020-10-16,24,799.612,0,0,0,sg,26.68959491
2020-10-16,25,230.92,0,0,0,sg,26.68959491
2020-10-16,26,1312.438,0,0,0,sg,26.68959491
2020-10-16,27,710.736,0,0,0,sg,26.68959491
2020-10-16,28,412.484,0,0,0,sg,26.68959491
2020-10-16,29,60.248,0,0,0,sg,26.68959491
2020-10-16,30,394.919,0,0,0,sg,26.68959491
2020-10-16,31,293.132,0,0,0,sg,26.68959491
2020-10-16,32,629.138,0,0,0,sg,26.68959491
2020-10-16,33,612.295,0,0,0,n,26.68959491
2020-10-16,34,1274.209,0,0,0,n,26.68959491
2020-10-16,35,448.682,0,0,0,n,26.68959491
2020-10-16,36,1737.186,0,0,0,n,26.68959491
2020-10-16,37,882.173,0,0,0,sg,26.68959491
2020-10-16,38,1625.224,0,0,0,sg,26.68959491
2020-10-16,39,599.457,0,0,0,sg,26.68959491
2020-10-16,40,1558.792,0,0,0,sg,26.68959491
2020-10-16,41,565.787,0,0,0,n,26.68959491
2020-10-16,42,208.888,0,0,0,sg,26.68959491
2020-10-16,43,281.575,0,0,0,sg,26.68959491
2020-10-16,44,419.549,0,0,0,n,26.68959491
2020-10-16,45,37.152,0,0,0,sg,26.68959491
2020-10-16,46,211.113,0,0,0,sg,26.68959491
2020-10-16,47,940.615,97.517,10.36736603,1,n,26.68959491
2020-10-16,48,433.037,0,0,0,n,26.68959491
2020-10-16,49,269.813,0,0,0,n,26.68959491
2020-10-16,50,683.154,34.585,5.062548122,1,n,26.68959491
2020-11-18,1,1,0,0,0,,24.45208333
2020-11-18,2,1,0,0,0,,24.45208333
2020-11-18,3,1,0,0,0,,24.45208333
2020-11-18,4,1,0,0,0,,24.45208333
2020-11-18,5,1,0,0,0,,24.45208333
2020-11-18,6,1,0,0,0,,24.45208333
2020-11-18,7,1,0,0,0,,24.45208333
2020-11-18,8,1,0,0,0,,24.45208333
2020-11-18,9,1,0,0,0,,24.45208333
2020-11-18,10,1,0,0,0,,24.45208333
2020-11-18,11,1,0,0,0,,24.45208333
2020-11-18,12,1,0,0,0,,24.45208333
2020-11-18,13,1,0,0,0,,24.45208333
2020-11-18,14,1,0,0,0,,24.45208333
2020-11-18,15,1,0,0,0,,24.45208333
2020-11-18,16,1,0,0,0,,24.45208333
2020-11-18,17,1,0,0,0,,24.45208333
2020-11-18,18,1,0,0,0,,24.45208333
2020-11-18,19,1,0,0,0,,24.45208333
2020-11-18,20,1,0,0,0,,24.45208333
2020-11-18,21,1,0,0,0,,24.45208333
2020-11-18,22,1,0,0,0,,24.45208333
2020-11-18,23,1,0,0,0,,24.45208333
2020-11-18,24,1,0,0,0,,24.45208333
2020-11-18,25,1,0,0,0,,24.45208333
2020-11-18,26,1,0,0,0,,24.45208333
2020-11-18,27,1,0,0,0,,24.45208333
2020-11-18,28,1,0,0,0,,24.45208333
2020-11-18,29,1,0,0,0,,24.45208333
2020-11-18,30,1,0,0,0,,24.45208333
2020-11-18,31,1,0,0,0,,24.45208333
2020-11-18,32,1,0,0,0,,24.45208333
2020-11-18,33,1,0,0,0,,24.45208333
2020-11-18,34,1,0,0,0,,24.45208333
2020-11-18,35,1,0,0,0,,24.45208333
2020-11-18,36,1,0,0,0,,24.45208333
2020-11-18,37,1,0,0,0,,24.45208333
2020-11-18,38,1,0,0,0,,24.45208333
2020-11-18,39,1,0,0,0,,24.45208333
2020-11-18,40,1,0,0,0,,24.45208333
2020-11-18,41,1,0,0,0,,24.45208333
2020-11-18,42,1,0,0,0,,24.45208333
2020-11-18,43,1,0,0,0,,24.45208333
2020-11-18,44,1,0,0,0,,24.45208333
2020-11-18,45,1,0,0,0,,24.45208333
2020-11-18,46,1,0,0,0,,24.45208333
2020-11-18,47,1,0,0,0,,24.45208333
2020-11-18,48,1,0,0,0,,24.45208333
2020-11-18,49,1,0,0,0,,24.45208333
2020-11-18,50,1,0,0,0,,24.45208333
2020-12-08,1,1,0,0,0,,23.23423611
2020-12-08,2,1,0,0,0,,23.23423611
2020-12-08,3,1,0,0,0,,23.23423611
2020-12-08,4,1,0,0,0,,23.23423611
2020-12-08,5,1,0,0,0,,23.23423611
2020-12-08,6,1,0,0,0,,23.23423611
2020-12-08,7,1,0,0,0,,23.23423611
2020-12-08,8,1,0,0,0,,23.23423611
2020-12-08,9,1,0,0,0,,23.23423611
2020-12-08,10,1,0,0,0,,23.23423611
2020-12-08,11,1,0,0,0,,23.23423611
2020-12-08,12,1,0,0,0,,23.23423611
2020-12-08,13,1,0,0,0,,23.23423611
2020-12-08,14,1,0,0,0,,23.23423611
2020-12-08,15,1,0,0,0,,23.23423611
2020-12-08,16,1,0,0,0,,23.23423611
2020-12-08,17,1,0,0,0,,23.23423611
2020-12-08,18,1,0,0,0,,23.23423611
2020-12-08,19,1,0,0,0,,23.23423611
2020-12-08,20,1,0,0,0,,23.23423611
2020-12-08,21,1,0,0,0,,23.23423611
2020-12-08,22,1,0,0,0,,23.23423611
2020-12-08,23,1,0,0,0,,23.23423611
2020-12-08,24,1,0,0,0,,23.23423611
2020-12-08,25,1,0,0,0,,23.23423611
2020-12-08,26,1,0,0,0,,23.23423611
2020-12-08,27,1,0,0,0,,23.23423611
2020-12-08,28,1,0,0,0,,23.23423611
2020-12-08,29,1,0,0,0,,23.23423611
2020-12-08,30,1,0,0,0,,23.23423611
2020-12-08,31,1,0,0,0,,23.23423611
2020-12-08,32,1,0,0,0,,23.23423611
2020-12-08,33,1,0,0,0,,23.23423611
2020-12-08,34,1,0,0,0,,23.23423611
2020-12-08,35,1,0,0,0,,23.23423611
2020-12-08,36,1,0,0,0,,23.23423611
2020-12-08,37,1,0,0,0,,23.23423611
2020-12-08,38,1,0,0,0,,23.23423611
2020-12-08,39,1,0,0,0,,23.23423611
2020-12-08,40,1,0,0,0,,23.23423611
2020-12-08,41,1,0,0,0,,23.23423611
2020-12-08,42,1,0,0,0,,23.23423611
2020-12-08,43,1,0,0,0,,23.23423611
2020-12-08,44,1,0,0,0,,23.23423611
2020-12-08,45,1,0,0,0,,23.23423611
2020-12-08,46,1,0,0,0,,23.23423611
2020-12-08,47,1,0,0,0,,23.23423611
2020-12-08,48,1,0,0,0,,23.23423611
2020-12-08,49,1,0,0,0,,23.23423611
2020-12-08,50,1,0,0,0,,23.23423611
2021-01-15,1,1,0,0,0,,18.75893519
2021-01-15,2,1,0,0,0,,18.75893519
2021-01-15,3,1,0,0,0,,18.75893519
2021-01-15,4,1,0,0,0,,18.75893519
2021-01-15,5,1,0,0,0,,18.75893519
2021-01-15,6,1,0,0,0,,18.75893519
2021-01-15,7,1,0,0,0,,18.75893519
2021-01-15,8,1,0,0,0,,18.75893519
2021-01-15,9,1,0,0,0,,18.75893519
2021-01-15,10,1,0,0,0,,18.75893519
2021-01-15,11,1,0,0,0,,18.75893519
2021-01-15,12,1,0,0,0,,18.75893519
2021-01-15,13,1,0,0,0,,18.75893519
2021-01-15,14,1,0,0,0,,18.75893519
2021-01-15,15,1,0,0,0,,18.75893519
2021-01-15,16,1,0,0,0,,18.75893519
2021-01-15,17,1,0,0,0,,18.75893519
2021-01-15,18,1,0,0,0,,18.75893519
2021-01-15,19,1,0,0,0,,18.75893519
2021-01-15,20,1,0,0,0,,18.75893519
2021-01-15,21,1,0,0,0,,18.75893519
2021-01-15,22,1,0,0,0,,18.75893519
2021-01-15,23,1,0,0,0,,18.75893519
2021-01-15,24,1,0,0,0,,18.75893519
2021-01-15,25,1,0,0,0,,18.75893519
2021-01-15,26,1,0,0,0,,18.75893519
2021-01-15,27,1,0,0,0,,18.75893519
2021-01-15,28,1,0,0,0,,18.75893519
2021-01-15,29,1,0,0,0,,18.75893519
2021-01-15,30,1,0,0,0,,18.75893519
2021-01-15,31,1,0,0,0,,18.75893519
2021-01-15,32,1,0,0,0,,18.75893519
2021-01-15,33,1,0,0,0,,18.75893519
2021-01-15,34,1,0,0,0,,18.75893519
2021-01-15,35,1,0,0,0,,18.75893519
2021-01-15,36,1,0,0,0,,18.75893519
2021-01-15,37,1,0,0,0,,18.75893519
2021-01-15,38,1,0,0,0,,18.75893519
2021-01-15,39,1,0,0,0,,18.75893519
2021-01-15,40,1,0,0,0,,18.75893519
2021-01-15,41,1,0,0,0,,18.75893519
2021-01-15,42,1,0,0,0,,18.75893519
2021-01-15,43,1,0,0,0,,18.75893519
2021-01-15,44,1,0,0,0,,18.75893519
2021-01-15,45,1,0,0,0,,18.75893519
2021-01-15,46,1,0,0,0,,18.75893519
2021-01-15,47,1,0,0,0,,18.75893519
2021-01-15,48,1,0,0,0,,18.75893519
2021-01-15,49,1,0,0,0,,18.75893519
2021-01-15,50,1,0,0,0,,18.75893519
2021-01-15,1,1,0,0,0,,18.75893519
2021-01-15,2,1,0,0,0,,18.75893519
2021-01-15,3,1,0,0,0,,18.75893519
2021-01-15,4,1,0,0,0,,18.75893519
2021-01-15,5,1,0,0,0,,18.75893519
2021-01-15,6,1,0,0,0,,18.75893519
2021-01-15,7,1,0,0,0,,18.75893519
2021-01-15,8,1,0,0,0,,18.75893519
2021-01-15,9,1,0,0,0,,18.75893519
2021-01-15,10,1,0,0,0,,18.75893519
2021-01-15,11,1,0,0,0,,18.75893519
2021-01-15,12,1,0,0,0,,18.75893519
2021-01-15,13,1,0,0,0,,18.75893519
2021-01-15,14,1,0,0,0,,18.75893519
2021-01-15,15,1,0,0,0,,18.75893519
2021-01-15,16,1,0,0,0,,18.75893519
2021-01-15,17,1,0,0,0,,18.75893519
2021-01-15,18,1,0,0,0,,18.75893519
2021-01-15,19,1,0,0,0,,18.75893519
2021-01-15,20,1,0,0,0,,18.75893519
2021-01-15,21,1,0,0,0,,18.75893519
2021-01-15,22,1,0,0,0,,18.75893519
2021-01-15,23,1,0,0,0,,18.75893519
2021-01-15,24,1,0,0,0,,18.75893519
2021-01-15,25,1,0,0,0,,18.75893519
2021-01-15,26,1,0,0,0,,18.75893519
2021-01-15,27,1,0,0,0,,18.75893519
2021-01-15,28,1,0,0,0,,18.75893519
2021-01-15,29,1,0,0,0,,18.75893519
2021-01-15,30,1,0,0,0,,18.75893519
2021-01-15,31,1,0,0,0,,18.75893519
2021-01-15,32,1,0,0,0,,18.75893519
2021-01-15,33,1,0,0,0,,18.75893519
2021-01-15,34,1,0,0,0,,18.75893519
2021-01-15,35,1,0,0,0,,18.75893519
2021-01-15,36,1,0,0,0,,18.75893519
2021-01-15,37,1,0,0,0,,18.75893519
2021-01-15,38,1,0,0,0,,18.75893519
2021-01-15,39,1,0,0,0,,18.75893519
2021-01-15,40,1,0,0,0,,18.75893519
2021-01-15,41,1,0,0,0,,18.75893519
2021-01-15,42,1,0,0,0,,18.75893519
2021-01-15,43,1,0,0,0,,18.75893519
2021-01-15,44,1,0,0,0,,18.75893519
2021-01-15,45,1,0,0,0,,18.75893519
2021-01-15,46,1,0,0,0,,18.75893519
2021-01-15,47,1,0,0,0,,18.75893519
2021-01-15,48,1,0,0,0,,18.75893519
2021-01-15,49,1,0,0,0,,18.75893519
2021-01-15,50,1,0,0,0,,18.75893519
2021-02-12,1,1,0,0,0,,19.17302083
2021-02-12,2,1,0,0,0,,19.17302083
2021-02-12,3,1,0,0,0,,19.17302083
2021-02-12,4,1,0,0,0,,19.17302083
2021-02-12,5,1,0,0,0,,19.17302083
2021-02-12,6,1,0,0,0,,19.17302083
2021-02-12,7,1,0,0,0,,19.17302083
2021-02-12,8,1,0,0,0,,19.17302083
2021-02-12,9,1,0,0,0,,19.17302083
2021-02-12,10,1,0,0,0,,19.17302083
2021-02-12,11,1,0,0,0,,19.17302083
2021-02-12,12,1,0,0,0,,19.17302083
2021-02-12,13,1,0,0,0,,19.17302083
2021-02-12,14,1,0,0,0,,19.17302083
2021-02-12,15,1,0,0,0,,19.17302083
2021-02-12,16,1,0,0,0,,19.17302083
2021-02-12,17,1,0,0,0,,19.17302083
2021-02-12,18,1,0,0,0,,19.17302083
2021-02-12,19,1,0,0,0,,19.17302083
2021-02-12,20,1,0,0,0,,19.17302083
2021-02-12,21,1,0,0,0,,19.17302083
2021-02-12,22,1,0,0,0,,19.17302083
2021-02-12,23,1,0,0,0,,19.17302083
2021-02-12,24,1,0,0,0,,19.17302083
2021-02-12,25,1,0,0,0,,19.17302083
2021-02-12,26,1,0,0,0,,19.17302083
2021-02-12,27,1,0,0,0,,19.17302083
2021-02-12,28,1,0,0,0,,19.17302083
2021-02-12,29,1,0,0,0,,19.17302083
2021-02-12,30,1,0,0,0,,19.17302083
2021-02-12,31,1,0,0,0,,19.17302083
2021-02-12,32,1,0,0,0,,19.17302083
2021-02-12,33,1,0,0,0,,19.17302083
2021-02-12,34,1,0,0,0,,19.17302083
2021-02-12,35,1,0,0,0,,19.17302083
2021-02-12,36,1,0,0,0,,19.17302083
2021-02-12,37,1,0,0,0,,19.17302083
2021-02-12,38,1,0,0,0,,19.17302083
2021-02-12,39,1,0,0,0,,19.17302083
2021-02-12,40,1,0,0,0,,19.17302083
2021-02-12,41,1,0,0,0,,19.17302083
2021-02-12,42,1,0,0,0,,19.17302083
2021-02-12,43,1,0,0,0,,19.17302083
2021-02-12,44,1,0,0,0,,19.17302083
2021-02-12,45,1,0,0,0,,19.17302083
2021-02-12,46,1,0,0,0,,19.17302083
2021-02-12,47,1,0,0,0,,19.17302083
2021-02-12,48,1,0,0,0,,19.17302083
2021-02-12,49,1,0,0,0,,19.17302083
2021-02-12,50,1,0,0,0,,19.17302083
2021-03-09,1,1,0,0,0,,16.22506944
2021-03-09,2,1,0,0,0,,16.22506944
2021-03-09,3,1,0,0,0,,16.22506944
2021-03-09,4,1,0,0,0,,16.22506944
2021-03-09,5,1,0,0,0,,16.22506944
2021-03-09,6,1,0,0,0,,16.22506944
2021-03-09,7,1,0,0,0,,16.22506944
2021-03-09,8,1,0,0,0,,16.22506944
2021-03-09,9,1,0,0,0,,16.22506944
2021-03-09,10,1,0,0,0,,16.22506944
2021-03-09,11,1,0,0,0,,16.22506944
2021-03-09,12,1,0,0,0,,16.22506944
2021-03-09,13,1,0,0,0,,16.22506944
2021-03-09,14,1,0,0,0,,16.22506944
2021-03-09,15,1,0,0,0,,16.22506944
2021-03-09,16,1,0,0,0,,16.22506944
2021-03-09,17,1,0,0,0,,16.22506944
2021-03-09,18,1,0,0,0,,16.22506944
2021-03-09,19,1,0,0,0,,16.22506944
2021-03-09,20,1,0,0,0,,16.22506944
2021-03-09,21,1,0,0,0,,16.22506944
2021-03-09,22,1,0,0,0,,16.22506944
2021-03-09,23,1,0,0,0,,16.22506944
2021-03-09,24,1,0,0,0,,16.22506944
2021-03-09,25,1,0,0,0,,16.22506944
2021-03-09,26,1,0,0,0,,16.22506944
2021-03-09,27,1,0,0,0,,16.22506944
2021-03-09,28,1,0,0,0,,16.22506944
2021-03-09,29,1,0,0,0,,16.22506944
2021-03-09,30,1,0,0,0,,16.22506944
2021-03-09,31,1,0,0,0,,16.22506944
2021-03-09,32,1,0,0,0,,16.22506944
2021-03-09,33,1,0,0,0,,16.22506944
2021-03-09,34,1,0,0,0,,16.22506944
2021-03-09,35,1,0,0,0,,16.22506944
2021-03-09,36,1,0,0,0,,16.22506944
2021-03-09,37,1,0,0,0,,16.22506944
2021-03-09,38,1,0,0,0,,16.22506944
2021-03-09,39,1,0,0,0,,16.22506944
2021-03-09,40,1,0,0,0,,16.22506944
2021-03-09,41,1,0,0,0,,16.22506944
2021-03-09,42,1,0,0,0,,16.22506944
2021-03-09,43,1,0,0,0,,16.22506944
2021-03-09,44,1,0,0,0,,16.22506944
2021-03-09,45,1,0,0,0,,16.22506944
2021-03-09,46,1,0,0,0,,16.22506944
2021-03-09,47,1,0,0,0,,16.22506944
2021-03-09,48,1,0,0,0,,16.22506944
2021-03-09,49,1,0,0,0,,16.22506944
2021-03-09,50,1,0,0,0,,16.22506944
2021-04-09,1,1,0,0,0,,17.42876157
2021-04-09,2,1,0,0,0,,17.42876157
2021-04-09,3,1,0,0,0,,17.42876157
2021-04-09,4,1,0,0,0,,17.42876157
2021-04-09,5,1,0,0,0,,17.42876157
2021-04-09,6,1,0,0,0,,17.42876157
2021-04-09,7,1,0,0,0,,17.42876157
2021-04-09,8,1,0,0,0,,17.42876157
2021-04-09,9,1,0,0,0,,17.42876157
2021-04-09,10,1,0,0,0,,17.42876157
2021-04-09,11,1,0,0,0,,17.42876157
2021-04-09,12,1,0,0,0,,17.42876157
2021-04-09,13,1,0,0,0,,17.42876157
2021-04-09,14,1,0,0,0,,17.42876157
2021-04-09,15,1,0,0,0,,17.42876157
2021-04-09,16,1,0,0,0,,17.42876157
2021-04-09,17,1,0,0,0,,17.42876157
2021-04-09,18,1,0,0,0,,17.42876157
2021-04-09,19,1,0,0,0,,17.42876157
2021-04-09,20,1,0,0,0,,17.42876157
2021-04-09,21,1,0,0,0,,17.42876157
2021-04-09,22,1,0,0,0,,17.42876157
2021-04-09,23,1,0,0,0,,17.42876157
2021-04-09,24,1,0,0,0,,17.42876157
2021-04-09,25,1,0,0,0,,17.42876157
2021-04-09,26,1,0,0,0,,17.42876157
2021-04-09,27,1,0,0,0,,17.42876157
2021-04-09,28,1,0,0,0,,17.42876157
2021-04-09,29,1,0,0,0,,17.42876157
2021-04-09,30,1,0,0,0,,17.42876157
2021-04-09,31,1,0,0,0,,17.42876157
2021-04-09,32,1,0,0,0,,17.42876157
2021-04-09,33,1,0,0,0,,17.42876157
2021-04-09,34,1,0,0,0,,17.42876157
2021-04-09,35,1,0,0,0,,17.42876157
2021-04-09,36,1,0,0,0,,17.42876157
2021-04-09,37,1,0,0,0,,17.42876157
2021-04-09,38,1,0,0,0,,17.42876157
2021-04-09,39,1,0,0,0,,17.42876157
2021-04-09,40,1,0,0,0,,17.42876157
2021-04-09,41,1,0,0,0,,17.42876157
2021-04-09,42,1,0,0,0,,17.42876157
2021-04-09,43,1,0,0,0,,17.42876157
2021-04-09,44,1,0,0,0,,17.42876157
2021-04-09,45,1,0,0,0,,17.42876157
2021-04-09,46,1,0,0,0,,17.42876157
2021-04-09,47,1,0,0,0,,17.42876157
2021-04-09,48,1,0,0,0,,17.42876157
2021-04-09,49,1,0,0,0,,17.42876157
2021-04-09,50,1,0,0,0,,17.42876157
2021-05-10,1,1,0,0,0,,18.11275463
2021-05-10,2,1,0,0,0,,18.11275463
2021-05-10,3,1,0,0,0,,18.11275463
2021-05-10,4,1,0,0,0,,18.11275463
2021-05-10,5,1,0,0,0,,18.11275463
2021-05-10,6,1,0,0,0,,18.11275463
2021-05-10,7,1,0,0,0,,18.11275463
2021-05-10,8,1,0,0,0,,18.11275463
2021-05-10,9,1,0,0,0,,18.11275463
2021-05-10,10,1,0,0,0,,18.11275463
2021-05-10,11,1,0,0,0,,18.11275463
2021-05-10,12,1,0,0,0,,18.11275463
2021-05-10,13,1,0,0,0,,18.11275463
2021-05-10,14,1,0,0,0,,18.11275463
2021-05-10,15,1,0,0,0,,18.11275463
2021-05-10,16,1,0,0,0,,18.11275463
2021-05-10,17,1,0,0,0,,18.11275463
2021-05-10,18,1,0,0,0,,18.11275463
2021-05-10,19,1,0,0,0,,18.11275463
2021-05-10,20,1,0,0,0,,18.11275463
2021-05-10,21,1,0,0,0,,18.11275463
2021-05-10,22,1,0,0,0,,18.11275463
2021-05-10,23,1,0,0,0,,18.11275463
2021-05-10,24,1,0,0,0,,18.11275463
2021-05-10,25,1,0,0,0,,18.11275463
2021-05-10,26,1,0,0,0,,18.11275463
2021-05-10,27,1,0,0,0,,18.11275463
2021-05-10,28,1,0,0,0,,18.11275463
2021-05-10,29,1,0,0,0,,18.11275463
2021-05-10,30,1,0,0,0,,18.11275463
2021-05-10,31,1,0,0,0,,18.11275463
2021-05-10,32,1,0,0,0,,18.11275463
2021-05-10,33,1,0,0,0,,18.11275463
2021-05-10,34,1,0,0,0,,18.11275463
2021-05-10,35,1,0,0,0,,18.11275463
2021-05-10,36,1,0,0,0,,18.11275463
2021-05-10,37,1,0,0,0,,18.11275463
2021-05-10,38,1,0,0,0,,18.11275463
2021-05-10,39,1,0,0,0,,18.11275463
2021-05-10,40,1,0,0,0,,18.11275463
2021-05-10,41,1,0,0,0,,18.11275463
2021-05-10,42,1,0,0,0,,18.11275463
2021-05-10,43,1,0,0,0,,18.11275463
2021-05-10,44,1,0,0,0,,18.11275463
2021-05-10,45,1,0,0,0,,18.11275463
2021-05-10,46,1,0,0,0,,18.11275463
2021-05-10,47,1,0,0,0,,18.11275463
2021-05-10,48,1,0,0,0,,18.11275463
2021-05-10,49,1,0,0,0,,18.11275463
2021-05-10,50,1,0,0,0,,18.11275463
2021-06-07,1,1,0,0,0,,18.24172454
2021-06-07,2,1,0,0,0,,18.24172454
2021-06-07,3,1,0,0,0,,18.24172454
2021-06-07,4,1,0,0,0,,18.24172454
2021-06-07,5,1,0,0,0,,18.24172454
2021-06-07,6,1,0,0,0,,18.24172454
2021-06-07,7,1,0,0,0,,18.24172454
2021-06-07,8,1,0,0,0,,18.24172454
2021-06-07,9,1,0,0,0,,18.24172454
2021-06-07,10,1,0,0,0,,18.24172454
2021-06-07,11,1,0,0,0,,18.24172454
2021-06-07,12,1,0,0,0,,18.24172454
2021-06-07,13,1,0,0,0,,18.24172454
2021-06-07,14,1,0,0,0,,18.24172454
2021-06-07,15,1,0,0,0,,18.24172454
2021-06-07,16,1,0,0,0,,18.24172454
2021-06-07,17,1,0,0,0,,18.24172454
2021-06-07,18,1,0,0,0,,18.24172454
2021-06-07,19,1,0,0,0,,18.24172454
2021-06-07,20,1,0,0,0,,18.24172454
2021-06-07,21,1,0,0,0,,18.24172454
2021-06-07,22,1,0,0,0,,18.24172454
2021-06-07,23,1,0,0,0,,18.24172454
2021-06-07,24,1,0,0,0,,18.24172454
2021-06-07,25,1,0,0,0,,18.24172454
2021-06-07,26,1,0,0,0,,18.24172454
2021-06-07,27,1,0,0,0,,18.24172454
2021-06-07,28,1,0,0,0,,18.24172454
2021-06-07,29,1,0,0,0,,18.24172454
2021-06-07,30,1,0,0,0,,18.24172454
2021-06-07,31,1,0,0,0,,18.24172454
2021-06-07,32,1,0,0,0,,18.24172454
2021-06-07,33,1,0,0,0,,18.24172454
2021-06-07,34,1,0,0,0,,18.24172454
2021-06-07,35,1,0,0,0,,18.24172454
2021-06-07,36,1,0,0,0,,18.24172454
2021-06-07,37,1,0,0,0,,18.24172454
2021-06-07,38,1,0,0,0,,18.24172454
2021-06-07,39,1,0,0,0,,18.24172454
2021-06-07,40,1,0,0,0,,18.24172454
2021-06-07,41,1,0,0,0,,18.24172454
2021-06-07,42,1,0,0,0,,18.24172454
2021-06-07,43,1,0,0,0,,18.24172454
2021-06-07,44,1,0,0,0,,18.24172454
2021-06-07,45,1,0,0,0,,18.24172454
2021-06-07,46,1,0,0,0,,18.24172454
2021-06-07,47,1,0,0,0,,18.24172454
2021-06-07,48,1,0,0,0,,18.24172454
2021-06-07,49,1,0,0,0,,18.24172454
2021-06-07,50,1,0,0,0,,18.24172454
2021-07-16,1,1,0,0,0,,24.21490741
2021-07-16,2,1,0,0,0,,24.21490741
2021-07-16,3,1,0,0,0,,24.21490741
2021-07-16,4,1,0,0,0,,24.21490741
2021-07-16,5,1,0,0,0,,24.21490741
2021-07-16,6,1,0,0,0,,24.21490741
2021-07-16,7,1,0,0,0,,24.21490741
2021-07-16,8,1,0,0,0,,24.21490741
2021-07-16,9,1,0,0,0,,24.21490741
2021-07-16,10,1,0,0,0,,24.21490741
2021-07-16,11,1,0,0,0,,24.21490741
2021-07-16,12,1,0,0,0,,24.21490741
2021-07-16,13,1,0,0,0,,24.21490741
2021-07-16,14,1,0,0,0,,24.21490741
2021-07-16,15,1,0,0,0,,24.21490741
2021-07-16,16,1,0,0,0,,24.21490741
2021-07-16,17,1,0,0,0,,24.21490741
2021-07-16,18,1,0,0,0,,24.21490741
2021-07-16,19,1,0,0,0,,24.21490741
2021-07-16,20,1,0,0,0,,24.21490741
2021-07-16,21,1,0,0,0,,24.21490741
2021-07-16,22,1,0,0,0,,24.21490741
2021-07-16,23,1,0,0,0,,24.21490741
2021-07-16,24,1,0,0,0,,24.21490741
2021-07-16,25,1,0,0,0,,24.21490741
2021-07-16,26,1,0,0,0,,24.21490741
2021-07-16,27,1,0,0,0,,24.21490741
2021-07-16,28,1,0,0,0,,24.21490741
2021-07-16,29,1,0,0,0,,24.21490741
2021-07-16,30,1,0,0,0,,24.21490741
2021-07-16,31,1,0,0,0,,24.21490741
2021-07-16,32,1,0,0,0,,24.21490741
2021-07-16,33,1,0,0,0,,24.21490741
2021-07-16,34,1,0,0,0,,24.21490741
2021-07-16,35,1,0,0,0,,24.21490741
2021-07-16,36,1,0,0,0,,24.21490741
2021-07-16,37,1,0,0,0,,24.21490741
2021-07-16,38,1,0,0,0,,24.21490741
2021-07-16,39,1,0,0,0,,24.21490741
2021-07-16,40,1,0,0,0,,24.21490741
2021-07-16,41,1,0,0,0,,24.21490741
2021-07-16,42,1,0,0,0,,24.21490741
2021-07-16,43,1,0,0,0,,24.21490741
2021-07-16,44,1,0,0,0,,24.21490741
2021-07-16,45,1,0,0,0,,24.21490741
2021-07-16,46,1,0,0,0,,24.21490741
2021-07-16,47,1,0,0,0,,24.21490741
2021-07-16,48,1,0,0,0,,24.21490741
2021-07-16,49,1,0,0,0,,24.21490741
2021-07-16,50,1,0,0,0,,24.21490741
2021-08-20,1,1,0,0,0,,24.87356481
2021-08-20,2,1,0,0,0,,24.87356481
2021-08-20,3,1,0,0,0,,24.87356481
2021-08-20,4,1,0,0,0,,24.87356481
2021-08-20,5,1,0,0,0,,24.87356481
2021-08-20,6,1,0,0,0,,24.87356481
2021-08-20,7,1,0,0,0,,24.87356481
2021-08-20,8,1,0,0,0,,24.87356481
2021-08-20,9,1,0,0,0,,24.87356481
2021-08-20,10,1,0,0,0,,24.87356481
2021-08-20,11,1,0,0,0,,24.87356481
2021-08-20,12,1,0,0,0,,24.87356481
2021-08-20,13,1,0,0,0,,24.87356481
2021-08-20,14,1,0,0,0,,24.87356481
2021-08-20,15,1,0,0,0,,24.87356481
2021-08-20,16,1,0,0,0,,24.87356481
2021-08-20,17,1,0,0,0,,24.87356481
2021-08-20,18,1,0,0,0,,24.87356481
2021-08-20,19,1,0,0,0,,24.87356481
2021-08-20,20,1,0,0,0,,24.87356481
2021-08-20,21,1,0,0,0,,24.87356481
2021-08-20,22,1,0,0,0,,24.87356481
2021-08-20,23,1,0,0,0,,24.87356481
2021-08-20,24,1,0,0,0,,24.87356481
2021-08-20,25,1,0,0,0,,24.87356481
2021-08-20,26,1,0,0,0,,24.87356481
2021-08-20,27,1,0,0,0,,24.87356481
2021-08-20,28,1,0,0,0,,24.87356481
2021-08-20,29,1,0,0,0,,24.87356481
2021-08-20,30,1,0,0,0,,24.87356481
2021-08-20,31,1,0,0,0,,24.87356481
2021-08-20,32,1,0,0,0,,24.87356481
2021-08-20,33,1,0,0,0,,24.87356481
2021-08-20,34,1,0,0,0,,24.87356481
2021-08-20,35,1,0,0,0,,24.87356481
2021-08-20,36,1,0,0,0,,24.87356481
2021-08-20,37,1,0,0,0,,24.87356481
2021-08-20,38,1,0,0,0,,24.87356481
2021-08-20,39,1,0,0,0,,24.87356481
2021-08-20,40,1,0,0,0,,24.87356481
2021-08-20,41,1,0,0,0,,24.87356481
2021-08-20,42,1,0,0,0,,24.87356481
2021-08-20,43,1,0,0,0,,24.87356481
2021-08-20,44,1,0,0,0,,24.87356481
2021-08-20,45,1,0,0,0,,24.87356481
2021-08-20,46,1,0,0,0,,24.87356481
2021-08-20,47,1,0,0,0,,24.87356481
2021-08-20,48,1,0,0,0,,24.87356481
2021-08-20,49,1,0,0,0,,24.87356481
2021-08-20,50,1,0,0,0,,24.87356481
2021-09-10,1,1,0,0,0,,26.30412037
2021-09-10,2,1,0,0,0,,26.30412037
2021-09-10,3,1,0,0,0,,26.30412037
2021-09-10,4,1,0,0,0,,26.30412037
2021-09-10,5,1,0,0,0,,26.30412037
2021-09-10,6,1,0,0,0,,26.30412037
2021-09-10,7,1,0,0,0,,26.30412037
2021-09-10,8,1,0,0,0,,26.30412037
2021-09-10,9,1,0,0,0,,26.30412037
2021-09-10,10,1,0,0,0,,26.30412037
2021-09-10,11,1,0,0,0,,26.30412037
2021-09-10,12,1,0,0,0,,26.30412037
2021-09-10,13,1,0,0,0,,26.30412037
2021-09-10,14,1,0,0,0,,26.30412037
2021-09-10,15,1,0,0,0,,26.30412037
2021-09-10,16,1,0,0,0,,26.30412037
2021-09-10,17,1,0,0,0,,26.30412037
2021-09-10,18,1,0,0,0,,26.30412037
2021-09-10,19,1190.66,35.31,0.029655821,1,,26.30412037
2021-09-10,20,1,0,0,0,,26.30412037
2021-09-10,21,1,0,0,0,,26.30412037
2021-09-10,22,1,0,0,0,,26.30412037
2021-09-10,23,1,0,0,0,,26.30412037
2021-09-10,24,1,0,0,0,,26.30412037
2021-09-10,25,1,0,0,0,,26.30412037
2021-09-10,26,1,0,0,0,,26.30412037
2021-09-10,27,1,0,0,0,,26.30412037
2021-09-10,28,1,0,0,0,,26.30412037
2021-09-10,29,1,0,0,0,,26.30412037
2021-09-10,30,1,0,0,0,,26.30412037
2021-09-10,31,1,0,0,0,,26.30412037
2021-09-10,32,1,0,0,0,,26.30412037
2021-09-10,33,853.62,223.27,26.15566646,1,,26.30412037
2021-09-10,34,1,0,0,0,,26.30412037
2021-09-10,35,1,0,0,0,,26.30412037
2021-09-10,36,1,0,0,0,,26.30412037
2021-09-10,37,1,0,0,0,,26.30412037
2021-09-10,38,1,0,0,0,,26.30412037
2021-09-10,39,1,0,0,0,,26.30412037
2021-09-10,40,1,0,0,0,,26.30412037
2021-09-10,41,1,0,0,0,,26.30412037
2021-09-10,42,1,0,0,0,,26.30412037
2021-09-10,43,1,0,0,0,,26.30412037
2021-09-10,44,1,0,0,0,,26.30412037
2021-09-10,45,172.949,8.888,5.139087245,1,,26.30412037
2021-09-10,46,1,0,0,0,,26.30412037
2021-09-10,47,1,0,0,0,,26.30412037
2021-09-10,48,1,0,0,0,,26.30412037
2021-09-10,49,1,0,0,0,,26.30412037
2021-09-10,50,1,0,0,0,,26.30412037
2021-10-08,1,1,0,0,0,,22.30359954
2021-10-08,2,1,0,0,0,,22.30359954
2021-10-08,3,1,0,0,0,,22.30359954
2021-10-08,4,1,0,0,0,,22.30359954
2021-10-08,5,759.457,11.228,1.478424717,1,,22.30359954
2021-10-08,6,1,0,0,0,,22.30359954
2021-10-08,7,1,0,0,0,,22.30359954
2021-10-08,8,1,0,0,0,,22.30359954
2021-10-08,9,1,0,0,0,,22.30359954
2021-10-08,10,1,0,0,0,,22.30359954
2021-10-08,11,1,0,0,0,,22.30359954
2021-10-08,12,1,0,0,0,,22.30359954
2021-10-08,13,1,0,0,0,,22.30359954
2021-10-08,14,967.548,7.175,0.741565276,1,,22.30359954
2021-10-08,15,1,0,0,0,,22.30359954
2021-10-08,16,1,0,0,0,,22.30359954
2021-10-08,17,1,0,0,0,,22.30359954
2021-10-08,18,1,0,0,0,,22.30359954
2021-10-08,19,1,0,0,0,,22.30359954
2021-10-08,20,1,0,0,0,,22.30359954
2021-10-08,21,1,0,0,0,,22.30359954
2021-10-08,22,1,0,0,0,,22.30359954
2021-10-08,23,1,0,0,0,,22.30359954
2021-10-08,24,1543.312,3.076,0.19931161,1,,22.30359954
2021-10-08,25,1,0,0,0,,22.30359954
2021-10-08,26,1,0,0,0,,22.30359954
2021-10-08,27,1,0,0,0,,22.30359954
2021-10-08,28,859.967,10.505,1.221558502,1,,22.30359954
2021-10-08,29,1,0,0,0,,22.30359954
2021-10-08,30,1,0,0,0,,22.30359954
2021-10-08,31,1,0,0,0,,22.30359954
2021-10-08,32,1,0,0,0,,22.30359954
2021-10-08,33,1,0,0,0,,22.30359954
2021-10-08,34,1,0,0,0,,22.30359954
2021-10-08,35,1,0,0,0,,22.30359954
2021-10-08,36,1,0,0,0,,22.30359954
2021-10-08,37,1,0,0,0,,22.30359954
2021-10-08,38,1,0,0,0,,22.30359954
2021-10-08,39,1738.634,3.531,0.203090472,1,,22.30359954
2021-10-08,40,1,0,0,0,,22.30359954
2021-10-08,41,1,0,0,0,,22.30359954
2021-10-08,42,2203.031,6.807,0.308983396,1,,22.30359954
2021-10-08,43,1,0,0,0,,22.30359954
2021-10-08,44,1,0,0,0,,22.30359954
2021-10-08,45,1,0,0,0,,22.30359954
2021-10-08,46,1,0,0,0,,22.30359954
2021-10-08,47,1,0,0,0,,22.30359954
2021-10-08,48,1,0,0,0,,22.30359954
2021-10-08,49,1,0,0,0,,22.30359954
2021-10-08,50,1,0,0,0,,22.30359954
2021-11-04,1,1,0,0,0,,22.83984127
2021-11-04,2,1,0,0,0,,22.83984127
2021-11-04,3,1,0,0,0,,22.83984127
2021-11-04,4,1,0,0,0,,22.83984127
2021-11-04,5,1,0,0,0,,22.83984127
2021-11-04,6,1,0,0,0,,22.83984127
2021-11-04,7,1,0,0,0,,22.83984127
2021-11-04,8,1,0,0,0,,22.83984127
2021-11-04,9,1,0,0,0,,22.83984127
2021-11-04,10,1,0,0,0,,22.83984127
2021-11-04,11,1,0,0,0,,22.83984127
2021-11-04,12,1,0,0,0,,22.83984127
2021-11-04,13,1,0,0,0,,22.83984127
2021-11-04,14,1,0,0,0,,22.83984127
2021-11-04,15,1,0,0,0,,22.83984127
2021-11-04,16,1,0,0,0,,22.83984127
2021-11-04,17,1,0,0,0,,22.83984127
2021-11-04,18,1,0,0,0,,22.83984127
2021-11-04,19,1,0,0,0,,22.83984127
2021-11-04,20,1,0,0,0,,22.83984127
2021-11-04,21,1,0,0,0,,22.83984127
2021-11-04,22,1,0,0,0,,22.83984127
2021-11-04,23,1,0,0,0,,22.83984127
2021-11-04,24,1,0,0,0,,22.83984127
2021-11-04,25,1,0,0,0,,22.83984127
2021-11-04,26,1,0,0,0,,22.83984127
2021-11-04,27,1,0,0,0,,22.83984127
2021-11-04,28,1,0,0,0,,22.83984127
2021-11-04,29,1,0,0,0,,22.83984127
2021-11-04,30,1,0,0,0,,22.83984127
2021-11-04,31,1,0,0,0,,22.83984127
2021-11-04,32,1,0,0,0,,22.83984127
2021-11-04,33,1,0,0,0,,22.83984127
2021-11-04,34,1,0,0,0,,22.83984127
2021-11-04,35,1,0,0,0,,22.83984127
2021-11-04,36,1,0,0,0,,22.83984127
2021-11-04,37,1,0,0,0,,22.83984127
2021-11-04,38,1,0,0,0,,22.83984127
2021-11-04,39,1,0,0,0,,22.83984127
2021-11-04,40,1,0,0,0,,22.83984127
2021-11-04,41,1,0,0,0,,22.83984127
2021-11-04,42,1,0,0,0,,22.83984127
2021-11-04,43,1,0,0,0,,22.83984127
2021-11-04,44,1,0,0,0,,22.83984127
2021-11-04,45,1,0,0,0,,22.83984127
2021-11-04,46,1,0,0,0,,22.83984127
2021-11-04,47,1,0,0,0,,22.83984127
2021-11-04,48,1,0,0,0,,22.83984127
2021-11-04,49,1,0,0,0,,22.83984127
2021-11-04,50,1,0,0,0,,22.83984127
